_id,order_count
62c5b859add7a3e6942df850,28
67506645f7316c43a313fa52,17
670d717d725e5dd4b183b053,16
68dd41ad4a82f9ebd641d837,15
680b98a240d4214e74f5f5f7,14
68936bad2e9bc80ccd1746f5,13
68a384f1b735fffb5d948bc8,12
654916266dfbf56d1d5372e1,12
659d5e807fb02d00f71fb9fa,12
6703d5dfb0ff75099a5d061e,10
696ea2c11f7cab38a5badd92,10
696eb6c61f7cab38a5cde6ce,10
68d2c4ef4a82f9ebd652654f,9
69697bc8e6a63674c4a40b94,8
67ab9415025dd43a82270a9b,8
648b6f644bce39ad23a634a5,7
620eb2ecf577f5d70da61250,7
5e70ddcdc2ff71b15e0ea4a6,7
67912db6415e548519271c17,7
69666763e6a63674c44a415e,7
